time,latitude,longitude,depth,mag,magType,nst,gap,dmin,rms,net,id,updated,place,type,horizontalError,depthError,magError,magNst,status,locationSource,magSource
2023-03-19T01:39:10.010Z,37.5128333,-117.9568333,-0.33,1.66,md,12,208,0.3326,0.04,nc,nc73858970,2023-03-25T11:03:14.991Z,"16km N of Deep Springs, CA",earthquake,0.53,0.75,0.25,13,reviewed,nc,nc
2023-03-19T02:12:49.890Z,37.494,-117.9581667,9.72,1.62,md,18,189,0.3236,0.07,nc,nc73858985,2023-03-21T20:51:38.050Z,"14km N of Deep Springs, CA",earthquake,0.45,1.99,0.141,16,reviewed,nc,nc
2023-03-19T04:42:07.700Z,37.5141667,-117.958,10.26,1.64,md,13,204,0.3258,0.06,nc,nc73859040,2023-03-21T21:53:40.610Z,"16km N of Deep Springs, CA",earthquake,0.46,1.97,0.229,13,reviewed,nc,nc
2023-03-19T04:58:50.920Z,37.4988333,-117.9408333,3.42,1.68,md,14,210,0.3821,0.05,nc,nc73859055,2023-03-21T21:59:52.877Z,"15km NNE of Deep Springs, CA",earthquake,0.86,8.84,0.091,15,reviewed,nc,nc
2023-03-19T05:40:50.125Z,38.1781,-117.7849,8.1,1.9,ml,7,91.43,0.118,0.2124,nn,nn00857215,2023-03-21T22:06:07.995Z,"36 km SE of Mina, Nevada",earthquake,,2.9,0.33,5,reviewed,nn,nn
2023-03-19T08:15:58.368Z,39.0183,-119.6624,11.8,1.5,ml,22,66.02,0.086,0.1177,nn,nn00857217,2023-03-21T22:34:01.064Z,"Nevada",earthquake,,0.7,0.2,9,reviewed,nn,nn
2023-03-19T09:00:03.381Z,38.1852,-117.7734,8.3,1.8,ml,5,120.54,0.12,0.1549,nn,nn00857219,2023-03-21T22:43:21.689Z,"37 km SE of Mina, Nevada",earthquake,,3.6,0.24,3,reviewed,nn,nn
2023-03-19T11:19:50.860Z,38.521,-119.494,5.46,2.68,md,20,70,0.01284,0.08,nc,nc73859230,2023-05-26T21:54:05.040Z,"1km WNW of Walker, CA",earthquake,0.32,0.2,0.212,61,reviewed,nc,nc
2023-03-19T21:18:41.632Z,38.1443,-117.8998,7.3,1.9,ml,6,118.98,0.087,0.1621,nn,nn00857241,2023-03-22T00:31:39.766Z,"Nevada",earthquake,,1.8,0.49,5,reviewed,nn,nn
2023-03-19T22:25:52.388Z,41.9509,-119.5759,0.7,2.5,ml,5,128.92,0.543,0.0673,nn,nn00857457,2023-05-26T21:54:06.040Z,"Nevada",earthquake,,2.8,0.61,5,reviewed,nn,nn
2023-03-19T23:34:20.443Z,41.9443,-119.5831,0.4,1.7,ml,4,211.02,0.537,0.188,nn,nn00857458,2023-03-24T19:46:16.116Z,"48 km E of Fort Bidwell, California",earthquake,,3.3,0.58,3,reviewed,nn,nn
2023-03-20T02:45:59.944Z,39.6875,-120.6761,11.8,1.6,ml,15,155.11,0.202,0.2035,nn,nn00857246,2023-03-20T19:33:31.915Z,"8 km SSE of Johnsville, California",earthquake,,3.1,0.19,8,reviewed,nn,nn
2023-03-20T02:52:20.020Z,37.5053333,-117.9998333,6.05,1.6,md,10,205,0.4366,0.19,nc,nc73859530,2023-03-21T03:01:13.673Z,"15km N of Deep Springs, CA",earthquake,0.77,13.38,0.236,9,reviewed,nc,nc
2023-03-20T03:34:02.827Z,37.5204,-117.9464,0,1.6,ml,9,138.92,0.374,0.1445,nn,nn00857250,2023-03-20T21:46:31.421Z,"19 km SSE of Dyer, Nevada",earthquake,,0,1.01,6,reviewed,nn,nn
2023-03-20T14:05:27.443Z,37.5138,-117.9605,2.4,1.6,ml,9,138.06,0.033,0.144,nn,nn00857263,2023-03-20T19:17:54.517Z,"19 km SSE of Dyer, Nevada",earthquake,,2.1,1.02,6,reviewed,nn,nn
2023-03-20T14:24:44.480Z,37.5105,-117.9443333,3.96,1.8,md,10,209,0.3405,0.07,nc,nc73859795,2023-03-20T23:53:42.656Z,"16km NNE of Deep Springs, CA",earthquake,1.05,5.15,0.166,11,reviewed,nc,nc
2023-03-20T17:21:03.320Z,37.5053333,-117.943,-0.87,2.21,md,20,208,0.3392,0.05,nc,nc73859885,2023-03-21T03:31:14.836Z,"15km NNE of Deep Springs, CA",earthquake,0.57,0.63,0.106,19,reviewed,nc,nc
2023-03-20T17:43:57.460Z,37.5003,-117.9671,5.1,1.8,ml,8,144.7,0.029,0.2184,nn,nn00857275,2023-03-20T23:59:56.673Z,"20 km SSE of Dyer, Nevada",earthquake,,1.8,0.98,5,reviewed,nn,nn
2023-03-20T22:09:54.170Z,37.4065,-118.5678333,13.06,2.16,md,23,60,0.05337,0.05,nc,nc73859990,2023-03-21T03:46:15.917Z,"3km ESE of Round Valley, CA",earthquake,0.28,0.81,0.156,33,reviewed,nc,nc
2023-03-21T05:04:29.240Z,37.5018333,-117.9903333,0.86,2.09,md,20,114,0.3039,0.11,nc,nc73860115,2023-03-21T21:12:18.300Z,"14km N of Deep Springs, CA",earthquake,0.21,1.51,0.13,25,reviewed,nc,nc
2023-03-21T21:20:37.208Z,40.2053,-119.8195,3.2,1.6,ml,5,246.91,0.076,0.0926,nn,nn00857461,2023-03-24T20:48:06.217Z,"27 km ENE of Herlong, California",earthquake,,9,0.56,4,reviewed,nn,nn
2023-03-22T06:56:30.039Z,41.9444,-119.575,0.8,2,ml,5,129.34,0.543,0.1105,nn,nn00857358,2023-03-22T16:54:13.780Z,"48 km E of Fort Bidwell, California",earthquake,,3,0.59,4,reviewed,nn,nn
2023-03-22T11:36:08.006Z,40.0957,-119.7286,15.7,1.7,ml,14,113.08,0.075,0.149,nn,nn00857345,2023-03-22T16:20:14.413Z,"19 km NW of Sutcliffe, Nevada",earthquake,,1.1,0.27,7,reviewed,nn,nn
2023-03-22T20:05:59.070Z,39.0149,-119.6607,11.4,1.5,ml,7,129.24,0.088,0.1183,nn,nn00857383,2023-03-23T00:07:14.416Z,"Nevada",earthquake,,2.8,1.24,2,reviewed,nn,nn
2023-03-23T10:46:11.330Z,40.1124,-121.3179,4.5,1.7,ml,5,279.87,0.774,0.2155,nn,nn00857408,2023-03-24T02:02:52.179Z,"13 km NNW of Belden, California",earthquake,,3.7,0.15,5,reviewed,nn,nn
2023-03-23T13:43:31.791Z,38.1847,-117.7944,11.2,2.6,ml,10,90.75,0.128,0.1965,nn,nn00857392,2023-05-26T21:54:14.040Z,"35 km SE of Mina, Nevada",earthquake,,1.3,0.32,6,reviewed,nn,nn
2023-03-23T16:00:37.750Z,37.4939,-117.9893,3.9,1.6,ml,7,148.13,0.044,0.1501,nn,nn00857398,2023-03-24T02:02:45.940Z,"20 km SSE of Dyer, Nevada",earthquake,,2.8,0.54,5,reviewed,nn,nn
2023-03-23T21:44:12.740Z,44.521666666667,-117.484,1.96,1.59,ml,5,175,0.3543,0.62,uw,uw61904512,2024-11-19T00:10:21.450Z,"25 km NW of Huntington, Oregon",earthquake,1.85,3.54,0.074748593937987,3,reviewed,uw,uw
2023-03-24T23:30:07.397Z,39.9505,-120.7858,9.9,1.6,ml,3,332,0.338,0.1627,nn,nn00857485,2023-03-25T00:21:40.300Z,"Northern California",earthquake,,15.1,0.17,3,reviewed,nn,nn
2023-03-25T12:41:05.699Z,38.0568,-116.8965,0,2.1,ml,14,82.62,0.524,0.1807,nn,nn00857488,2023-03-27T20:52:59.014Z,"29 km E of Tonopah, Nevada",earthquake,,0,0.33,10,reviewed,nn,nn
2023-03-25T15:38:40.388Z,41.5299,-118.8141,0,1.6,ml,4,153.73,0.914,0.2499,nn,nn00857595,2023-03-28T21:56:53.073Z,"53 km SSW of Denio, Nevada",earthquake,,0,0.18,2,reviewed,nn,nn
2023-03-25T18:31:44.620Z,37.5388333,-118.8661667,5.76,1.66,md,22,117,0.05898,0.02,nc,nc73862155,2023-03-25T23:14:13.421Z,"15km SE of Mammoth Lakes, CA",earthquake,0.34,0.62,0.238,21,reviewed,nc,nc
2023-03-25T23:57:04.091Z,37.5143,-117.9707,0,1.9,ml,10,142.49,0.382,0.174,nn,nn00857500,2023-03-27T21:33:13.497Z,"California-Nevada border region",earthquake,,0,0.47,8,reviewed,nn,nn
2023-03-26T09:52:53.995Z,41.9466,-119.6337,1.7,1.9,ml,5,208.91,0.5,0.1306,nn,nn00857539,2023-03-27T19:35:20.183Z,"Nevada",earthquake,,3.5,0.58,5,reviewed,nn,nn
2023-03-26T10:43:47.206Z,41.3736,-118.6752,4.2,1.7,ml,5,162.3,1.061,0.2144,nn,nn00857540,2023-03-27T19:41:32.472Z,"68 km S of Denio, Nevada",earthquake,,15.3,0.61,3,reviewed,nn,nn
2023-03-26T19:50:12.570Z,37.4681667,-119.012,-1.09,2.03,md,26,144,0.163,0.15,nc,nc73862685,2023-03-28T05:27:17.748Z,"19km S of Mammoth Lakes, CA",earthquake,0.33,0.85,0.369,32,reviewed,nc,nc
2023-03-26T23:22:45.240Z,37.6026667,-118.7795,5.08,1.83,md,21,106,0.03927,0.04,nc,nc73862735,2023-03-27T23:14:16.425Z,"10km WNW of Toms Place, CA",earthquake,0.34,0.31,0.131,24,reviewed,nc,nc
2023-03-27T01:35:36.694Z,37.5095,-117.9608,2,1.8,ml,9,138.5,0.373,0.1461,nn,nn00857519,2023-03-28T02:03:36.210Z,"19 km SSE of Dyer, Nevada",earthquake,,2.7,0.4,7,reviewed,nn,nn
2023-03-27T01:41:08.823Z,39.8807,-120.3964,11.2,1.6,ml,13,236.03,0.032,0.1883,nn,nn00857555,2023-03-28T02:03:53.935Z,"6 km NNW of Beckwourth, California",earthquake,,0.8,0.19,7,reviewed,nn,nn
2023-03-27T05:20:11.862Z,37.518,-117.9534,4.6,1.7,ml,10,140.08,0.376,0.1777,nn,nn00857523,2023-03-28T02:03:37.151Z,"19 km SSE of Dyer, Nevada",earthquake,,1.9,0.87,7,reviewed,nn,nn
2023-03-27T09:13:11.263Z,39.3712,-119.167,11.4,1.9,ml,7,282.74,0.382,0.0804,nn,nn00857637,2023-03-29T22:43:09.705Z,"6 km SE of Silver Springs, Nevada",earthquake,,13.9,0.71,2,reviewed,nn,nn
2023-03-27T15:53:43.425Z,37.5229,-117.982,1,1.9,ml,9,76.36,0.394,0.1431,nn,nn00857524,2023-03-28T02:03:41.731Z,"California-Nevada border region",earthquake,,4.8,0.54,7,reviewed,nn,nn
2023-03-27T16:23:21.150Z,37.5126667,-117.9775,6.31,2.02,md,18,201,0.3104,0.07,nc,nc73863060,2023-03-28T02:03:42.661Z,"16km N of Deep Springs, CA",earthquake,0.56,4.32,0.198,18,reviewed,nc,nc
2023-03-27T22:03:15.090Z,38.6353333,-119.8195,1.01,2.14,md,18,76,0.2399,0.07,nc,nc73863205,2023-03-30T00:43:12.268Z,"6km SSW of Markleeville, CA",earthquake,0.24,2.96,0.32,21,reviewed,nc,nc
2023-03-27T22:41:57.939Z,37.5014,-117.9854,0.7,1.8,ml,8,146.31,0.381,0.1491,nn,nn00857552,2023-03-28T02:03:47.255Z,"19 km SSE of Dyer, Nevada",earthquake,,2.5,0.55,8,reviewed,nn,nn
2023-03-28T12:18:14.782Z,38.1598,-117.8875,7.9,2,ml,13,81.38,0.086,0.2166,nn,nn00857566,2023-03-28T16:13:19.056Z,"32 km SE of Mina, Nevada",earthquake,,1.4,0.11,8,reviewed,nn,nn
2023-03-28T17:38:14.173Z,41.5421,-118.7842,4.2,2.3,ml,4,155.81,0.899,0.1021,nn,nn00857582,2023-03-28T20:23:56.911Z,"51 km SSW of Denio, Nevada",earthquake,,16.6,0.16,4,reviewed,nn,nn
2023-03-28T17:50:15.366Z,41.5382,-118.8071,0,2.1,ml,3,199.4,0.905,0.1608,nn,nn00857583,2023-03-28T20:30:07.692Z,"Nevada",earthquake,,0,0.09,2,reviewed,nn,nn
2023-03-28T23:50:27.009Z,41.541,-118.7352,8.6,1.9,ml,3,203.05,0.896,0.1132,nn,nn00857603,2023-03-29T00:12:55.439Z,"50 km S of Denio, Nevada",earthquake,,33.6,0.2,2,reviewed,nn,nn
2023-03-29T05:34:35.130Z,37.5783333,-118.8555,6.04,1.6,md,19,191,0.024,0.03,nc,nc73863850,2023-03-29T22:06:15.390Z,"13km ESE of Mammoth Lakes, CA",earthquake,0.48,0.42,0.07,16,reviewed,nc,nc
2023-03-29T20:35:42.116Z,41.5211,-118.8143,1,1.9,ml,4,153.71,0.922,0.1809,nn,nn00857693,2023-03-30T23:33:07.866Z,"54 km SSW of Denio, Nevada",earthquake,,12.2,0.11,4,reviewed,nn,nn
2023-03-30T06:32:45.950Z,38.523,-119.5173333,5.4,2.55,md,17,80,0.03061,0.06,nc,nc73864350,2023-06-03T22:06:07.040Z,"3km WNW of Walker, CA",earthquake,0.26,0.3,0.214,47,reviewed,nc,nc
2023-03-30T08:05:42.770Z,37.4321667,-118.5658333,9.99,2.74,md,32,52,0.1845,0.06,nc,nc73864375,2023-06-03T22:06:07.040Z,"3km NE of Round Valley, CA",earthquake,0.26,0.95,0.126,49,reviewed,nc,nc
2023-03-30T08:26:31.090Z,37.4178333,-118.5538333,15.39,1.96,md,22,93,0.1846,0.1,nc,nc73864380,2023-03-30T17:21:52.667Z,"4km E of Round Valley, CA",earthquake,0.53,1.78,0.148,20,reviewed,nc,nc
2023-03-30T20:10:17.475Z,40.3857,-119.8799,8.8,1.8,ml,8,132.88,0.244,0.134,nn,nn00857689,2023-03-30T22:43:37.137Z,"34 km NE of Herlong, California",earthquake,,1.5,0.39,7,reviewed,nn,nn
2023-03-31T04:54:03.048Z,38.151,-118.2479,9.8,2.6,ml,10,47.66,0.212,0.1778,nn,nn00857700,2023-06-03T22:06:10.040Z,"California-Nevada border region",earthquake,,2.2,0.22,7,reviewed,nn,nn
2023-03-31T05:38:48.873Z,38.1388,-118.2462,7.7,1.7,ml,12,70.51,0.214,0.1607,nn,nn00857704,2023-04-04T20:40:34.345Z,"30 km SSW of Mina, Nevada",earthquake,,2.3,0.27,8,reviewed,nn,nn
2023-03-31T05:59:15.887Z,38.1388,-117.88,9.8,1.5,ml,8,76.7,0.102,0.1832,nn,nn00857705,2023-04-04T20:46:47.390Z,"34 km SE of Mina, Nevada",earthquake,,1.5,0.35,5,reviewed,nn,nn
2023-03-31T09:55:47.574Z,38.1366,-118.229,8.8,1.5,ml,12,70.83,0.202,0.1783,nn,nn00857711,2023-04-04T20:59:11.844Z,"30 km SSW of Mina, Nevada",earthquake,,2.2,0.21,8,reviewed,nn,nn
2023-03-31T10:33:35.431Z,41.9611,-119.59,1.9,1.5,ml,5,208.06,0.534,0.1877,nn,nn00857901,2023-04-06T20:40:55.199Z,"47 km ENE of Fort Bidwell, California",earthquake,,4.3,0.62,4,reviewed,nn,nn
2023-03-31T11:58:02.950Z,38.1409,-118.247,8.4,2.2,ml,11,70.32,0.214,0.1964,nn,nn00857718,2024-01-18T19:39:41.202Z,"30 km SSW of Mina, Nevada",earthquake,,2.4,0.24,7,reviewed,nn,nn
2023-03-31T13:44:56.320Z,37.578,-118.8546667,6.84,1.7,md,20,137,0.02359,0.03,nc,nc73864885,2023-03-31T22:42:12.524Z,"13km ESE of Mammoth Lakes, CA",earthquake,0.34,0.42,0.093,18,reviewed,nc,nc
2023-03-31T15:12:20.510Z,40.7791667,-120.9381667,13.49,2.38,md,28,70,0.1443,0.12,nc,nc73864950,2023-05-12T03:06:20.444Z,"47km NNW of Susanville, CA",earthquake,0.26,0.57,0.149,40,reviewed,nc,nc
2023-04-01T00:49:45.070Z,38.6265,-119.8158333,-1.12,2.29,md,28,48,0.2354,0.16,nc,nc73865205,2023-04-04T18:39:41.301Z,"7km SSW of Markleeville, CA",earthquake,0.25,2.58,0.215,28,reviewed,nc,nc
2023-04-01T02:35:24.018Z,38.2027,-117.7149,7.3,2.5,ml,10,73.74,0.126,0.1533,nn,nn00857732,2023-06-03T22:06:15.040Z,"40 km ESE of Mina, Nevada",earthquake,,1.8,0.1,7,reviewed,nn,nn
2023-04-01T09:06:38.942Z,38.1316,-117.9662,9.9,1.9,ml,7,77.02,0.069,0.122,nn,nn00857741,2023-04-04T18:02:27.617Z,"31 km SSE of Mina, Nevada",earthquake,,2,0.23,5,reviewed,nn,nn
2023-04-01T10:00:53.893Z,38.1664,-117.8212,10.2,2.1,ml,10,89.47,0.126,0.163,nn,nn00857742,2023-04-04T18:58:18.744Z,"35 km SE of Mina, Nevada",earthquake,,1.1,0.22,7,reviewed,nn,nn
2023-04-01T18:56:01.201Z,41.9237,-119.5208,2.5,1.5,ml,3,319.4,0.583,0.2177,nn,nn00857904,2023-04-06T21:08:40.969Z,"52 km E of Fort Bidwell, California",earthquake,,4.3,0.79,3,reviewed,nn,nn
2023-04-02T02:31:19.572Z,38.1402,-117.9901,7.9,2.4,ml,12,63.78,0.059,0.1788,nn,nn00857754,2023-04-03T23:44:46.835Z,"29 km SSE of Mina, Nevada",earthquake,,1.1,0.1,7,reviewed,nn,nn
2023-04-02T14:33:18.610Z,41.092,-122.2623333,11.22,2.15,md,32,36,0.008703,0.14,nc,nc73865870,2023-04-03T22:58:14.468Z,"13km S of Dunsmuir, CA",earthquake,0.28,0.52,0.119,37,reviewed,nc,nc
2023-04-02T18:18:02.705Z,41.8963,-119.5883,0,2.6,ml,5,131.27,0.532,0.112,nn,nn00857907,2023-06-13T03:13:25.040Z,"46 km E of Fort Bidwell, California",earthquake,,3.4,0.6,5,reviewed,nn,nn
2023-04-02T20:23:42.359Z,37.5043,-117.9688,0,2,ml,8,144.13,0.374,0.1567,nn,nn00857762,2023-04-04T00:12:35.892Z,"20 km SSE of Dyer, Nevada",earthquake,,0,0.63,8,reviewed,nn,nn
2023-04-03T07:24:28.659Z,37.8707,-118.1483,0,2.1,ml,12,100.28,0.353,0.2191,nn,nn00857780,2023-04-04T02:03:55.618Z,"23 km NNW of Dyer, Nevada",earthquake,,0,0.57,8,reviewed,nn,nn
2023-04-03T12:43:33.740Z,40.3186667,-121.899,7.77,2.04,md,16,78,0.0779,0.17,nc,nc73866220,2023-04-03T21:09:14.821Z,"12km SSW of Manton, CA",earthquake,0.39,1.1,0.209,22,reviewed,nc,nc
2023-04-03T21:26:08.459Z,41.9813,-119.5606,0,1.9,ml,4,205.92,0.558,0.1172,nn,nn00857913,2023-04-06T22:41:19.984Z,"50 km ENE of Fort Bidwell, California",earthquake,,3.6,0.62,3,reviewed,nn,nn
2023-04-03T23:46:08.351Z,41.5418,-118.7969,0,2.1,ml,4,154.93,0.9,0.2201,nn,nn00857915,2023-04-06T22:44:27.685Z,"51 km SSW of Denio, Nevada",earthquake,,0,0.74,4,reviewed,nn,nn
2023-04-04T08:43:31.639Z,38.1543,-117.8353,9,1.5,ml,7,109.95,0.126,0.1917,nn,nn00857812,2023-04-04T16:54:04.926Z,"35 km SE of Mina, Nevada",earthquake,,1.9,0.26,4,reviewed,nn,nn
2023-04-05T03:55:39.810Z,37.5175,-118.7616667,4.02,2.55,md,25,58,0.05246,0.04,nc,nc73867080,2023-06-13T03:12:55.040Z,"9km SW of Toms Place, CA",earthquake,0.29,0.52,0.16,43,reviewed,nc,nc
2023-04-05T07:02:56.319Z,38.6335,-118.7871,11.3,1.6,ml,12,95.11,0.442,0.1481,nn,nn00857843,2023-04-05T16:58:00.574Z,"California-Nevada border region",earthquake,,1.2,0.19,7,reviewed,nn,nn
2023-04-06T01:16:59.160Z,37.4796667,-118.9986667,8.12,1.76,md,26,73,0.132,0.08,nc,nc73867730,2023-04-06T06:03:15.965Z,"18km S of Mammoth Lakes, CA",earthquake,0.35,1.11,0.211,25,reviewed,nc,nc
2023-04-06T03:41:55.355Z,38.1753,-117.8306,8.1,1.5,ml,8,107.25,0.124,0.1678,nn,nn00857877,2023-04-06T15:53:14.535Z,"34 km SE of Mina, Nevada",earthquake,,2.1,0.38,5,reviewed,nn,nn
2023-04-06T06:21:28.570Z,40.6598333,-121.8256667,11.75,1.82,md,19,101,0.09439,0.2,nc,nc73867860,2023-04-07T04:30:14.316Z,"18km SSE of Round Mountain, CA",earthquake,0.44,0.98,0.16,17,reviewed,nc,nc
2023-04-06T13:28:52.716Z,40.1633,-119.7954,6.6,2.1,ml,10,206.27,0.049,0.1413,nn,nn00857882,2023-04-06T15:40:50.422Z,"28 km NW of Sutcliffe, Nevada",earthquake,,1.6,0.34,7,reviewed,nn,nn
2023-04-06T20:38:21.028Z,40.1681,-119.8017,6.5,1.7,ml,10,212.83,0.053,0.1566,nn,nn00857919,2023-04-07T00:20:20.643Z,"28 km E of Herlong, California",earthquake,,1.6,0.38,7,reviewed,nn,nn
2023-04-06T22:29:00.918Z,38.1283,-117.9948,11.3,2.1,ml,9,70.64,0.071,0.1394,nn,nn00857912,2023-04-06T23:49:23.365Z,"30 km SSE of Mina, Nevada",earthquake,,1.7,0.44,6,reviewed,nn,nn
2023-04-09T09:10:38.920Z,38.5125,-119.5366667,3.76,2.86,md,22,80,0.04466,0.05,nc,nc73869670,2023-06-17T21:36:40.040Z,"5km W of Walker, CA",earthquake,0.29,0.41,0.189,72,reviewed,nc,nc
2023-04-09T23:16:31.106Z,37.8936,-117.8177,9.5,2.2,ml,11,73.95,0.203,0.1536,nn,nn00858021,2023-04-10T18:42:01.233Z,"22 km NW of Silver Peak, Nevada",earthquake,,1.8,0.33,7,reviewed,nn,nn
2023-04-10T00:23:06.960Z,37.506,-117.9835,1.32,2.85,md,43,115,0.3061,0.18,nc,nc73870040,2023-06-17T21:36:42.040Z,"15km N of Deep Springs, CA",earthquake,0.29,1.96,0.187,60,reviewed,nc,nc
2023-04-10T00:53:56.015Z,37.5068,-117.9856,1.5,2,ml,10,144.81,0.385,0.1515,nn,nn00858030,2023-04-10T16:44:19.999Z,"19 km SSE of Dyer, Nevada",earthquake,,2.5,0.54,8,reviewed,nn,nn
2023-04-10T01:03:28.010Z,37.5063,-117.9748,0.5,1.5,ml,8,144.25,0.378,0.1291,nn,nn00858033,2023-04-10T17:52:16.266Z,"19 km SSE of Dyer, Nevada",earthquake,,6.2,1.12,6,reviewed,nn,nn
2023-04-10T02:03:35.510Z,37.5233333,-117.9791667,4.93,2.37,md,24,115,0.3221,0.18,nc,nc73870085,2023-04-10T22:17:14.548Z,"17km N of Deep Springs, CA",earthquake,0.51,8.92,0.253,29,reviewed,nc,nc
2023-04-10T02:27:05.585Z,37.5237,-117.9662,0,1.5,ml,10,140.33,0.387,0.189,nn,nn00858039,2023-04-10T23:23:14.490Z,"18 km SSE of Dyer, Nevada",earthquake,,3.7,0.53,8,reviewed,nn,nn
2023-04-10T03:32:26.150Z,37.5203333,-117.9858333,12.36,2.17,md,18,115,0.316,0.19,nc,nc73870110,2023-04-10T22:32:12.645Z,"16km N of Deep Springs, CA",earthquake,0.38,2.14,0.165,19,reviewed,nc,nc
2023-04-11T20:09:43.447Z,39.5787,-120.0465,9.2,1.9,ml,23,81.42,0.072,0.1229,nn,nn00858097,2023-04-11T23:03:01.583Z,"6 km NNW of Verdi, California",earthquake,,1,0.09,7,reviewed,nn,nn
2023-04-12T00:12:37.220Z,39.2096667,-120.3928333,4.9,2.67,md,26,43,0.1603,0.11,nc,nc73870960,2023-06-17T21:36:47.040Z,"21km WNW of Sunnyside-Tahoe City, CA",earthquake,0.22,1.12,0.128,25,reviewed,nc,nc
2023-04-12T10:09:08.617Z,37.5229,-117.9877,0,1.5,ml,9,143.07,0.398,0.1851,nn,nn00858118,2023-04-12T16:25:53.432Z,"17 km SSE of Dyer, Nevada",earthquake,,0,0.24,7,reviewed,nn,nn
2023-04-12T18:36:44.569Z,41.5391,-118.7776,0,2.4,ml,6,155.99,0.901,0.1722,nn,nn00858146,2023-06-17T21:36:49.040Z,"51 km SSW of Denio, Nevada",earthquake,,0,0.71,5,reviewed,nn,nn
2023-04-12T21:00:38.800Z,38.3621,-118.9134,9,2.5,ml,17,66.28,0.182,0.1749,nn,nn00858138,2023-06-17T21:36:49.040Z,"30 km ENE of Bridgeport, California",earthquake,,1.4,0.19,10,reviewed,nn,nn
2023-04-13T02:52:41.470Z,37.4906667,-118.8396667,3.8,3.02,ml,25,104,0.09954,0.05,nc,nc73872830,2023-06-17T21:36:50.040Z,"16km WSW of Toms Place, CA",earthquake,0.3,0.97,0.202,31,reviewed,nc,nc
2023-04-13T11:55:16.340Z,37.4668333,-118.8388333,2.3,2.23,md,20,173,0.1232,0.03,nc,nc73873130,2023-04-18T22:10:15.517Z,"18km SW of Toms Place, CA",earthquake,0.38,1.24,0.187,23,reviewed,nc,nc
2023-04-13T18:05:02.683Z,38.1677,-118.1602,8.8,1.7,ml,8,74.18,0.141,0.1145,nn,nn00858198,2023-04-13T20:13:22.445Z,"25 km S of Mina, Nevada",earthquake,,2.8,0.3,5,reviewed,nn,nn
2023-04-13T18:27:13.309Z,38.8459,-118.6702,8.9,2.1,ml,16,70.07,0.389,0.1082,nn,nn00858190,2023-04-13T19:17:35.897Z,"16 km SE of Schurz, Nevada",earthquake,,1.7,0.29,8,reviewed,nn,nn
2023-04-13T19:18:18.720Z,40.7463333,-122.3111667,-0.57,1.8,md,18,69,0.1411,0.09,nc,nc73873280,2023-04-18T05:51:28.736Z,"9km NE of Shasta Lake, CA",quarry blast,0.27,31.61,0.193,17,reviewed,nc,nc
2023-04-14T10:50:02.360Z,38.8873,-119.6411,0.6,1.5,ml,13,59.05,0.026,0.1725,nn,nn00858222,2023-04-15T02:04:12.440Z,"2 km N of Carter Springs, Nevada",earthquake,,4,0.7,4,reviewed,nn,nn
2023-04-16T15:23:27.389Z,38.1429,-117.9704,7.4,3.3,ml,17,63.82,0.057,0.2159,nn,nn00858273,2023-07-03T02:47:41.040Z,"30 km SSE of Mina, Nevada",earthquake,,0.9,0.42,10,reviewed,nn,nn
2023-04-16T16:25:42.770Z,41.3815,-122.1173333,2.45,1.58,md,15,121,0.04658,0.12,nc,nc73874265,2023-04-16T22:13:13.815Z,"14km N of McCloud, CA",earthquake,0.32,0.88,0.263,15,reviewed,nc,nc
2023-04-16T23:48:40.750Z,39.5796667,-120.047,5.04,2.34,md,12,63,0.07181,0.07,nc,nc73874485,2023-04-18T02:24:16.073Z,"11km NW of Verdi-Mogul, NV",earthquake,0.32,0.91,0.236,25,reviewed,nc,nc
2023-04-17T06:07:46.476Z,38.1555,-117.835,10.2,2,ml,8,88.85,0.126,0.1289,nn,nn00858295,2023-04-17T16:02:29.256Z,"Nevada",earthquake,,1.6,0.26,5,reviewed,nn,nn
2023-04-17T22:31:13.739Z,38.6831,-119.7783,10.1,2.1,ml,8,205.97,0.011,0.1008,nn,nn00858336,2023-04-18T01:10:57.020Z,"1 km SSE of Markleeville, California",earthquake,,1.5,1.1,2,reviewed,nn,nn
2023-04-18T13:19:34.100Z,40.3065,-121.88,6.46,2.57,md,24,76,0.06075,0.2,nc,nc73875065,2023-07-03T02:47:17.040Z,"13km S of Manton, CA",earthquake,0.28,0.7,0.155,60,reviewed,nc,nc
2023-04-19T01:21:46.480Z,37.4702,-117.93,2.2,1.6,ml,11,73.55,0.328,0.1868,nn,nn00858398,2023-04-20T02:04:05.284Z,"24 km SSE of Dyer, Nevada",earthquake,,1.7,0.29,8,reviewed,nn,nn
2023-04-19T04:51:10.838Z,37.4645,-117.9274,0.3,1.9,ml,15,74.33,0.322,0.16,nn,nn00858400,2023-04-20T02:04:13.035Z,"25 km SSE of Dyer, Nevada",earthquake,,2.3,0.96,11,reviewed,nn,nn
2023-04-19T23:27:38.800Z,39.2253333,-120.0868333,4.3,1.85,md,14,79,0.03515,0.11,nc,nc73875650,2023-04-20T05:17:16.733Z,"4km WSW of Tahoe Vista, CA",earthquake,0.3,0.59,0.195,13,reviewed,nc,nc
2023-04-20T04:34:26.570Z,39.2233333,-120.0975,5.29,1.89,md,9,125,0.02709,0.02,nc,nc73875745,2023-04-20T14:49:53.012Z,"4km N of Dollar Point, CA",earthquake,0.35,0.52,0.147,9,reviewed,nc,nc
2023-04-20T09:00:43.350Z,38.5286667,-119.5388333,4.31,2.1,md,9,99,0.04839,0.03,nc,nc73875790,2023-04-22T02:04:14.541Z,"5km WNW of Walker, CA",earthquake,0.39,0.54,0.216,13,reviewed,nc,nc
2023-04-20T09:03:39.590Z,38.5286667,-119.5315,4.95,2.29,md,10,99,0.04292,0.07,nc,nc73875795,2023-04-22T03:01:14.033Z,"5km WNW of Walker, CA",earthquake,0.73,0.51,0.303,29,reviewed,nc,nc
2023-04-20T09:48:33.900Z,39.2255,-120.0948333,5.06,1.79,md,11,94,0.03004,0.02,nc,nc73875800,2023-04-20T16:44:50.582Z,"4km WSW of Tahoe Vista, CA",earthquake,0.38,0.44,0.248,11,reviewed,nc,nc
2023-04-20T09:52:02.538Z,39.2342,-120.0751,9.6,1.9,ml,5,188.31,0.066,0.0966,nn,nn00858476,2024-01-18T19:49:35.804Z,"1 km NE of Carnelian Bay, California",earthquake,,3.9,0,1,reviewed,nn,nn
2023-04-21T11:49:12.381Z,38.1523,-117.8808,9.2,2,ml,9,69.46,0.094,0.1403,nn,nn00858491,2023-04-21T16:21:11.980Z,"33 km SE of Mina, Nevada",earthquake,,1.9,0.36,6,reviewed,nn,nn
2023-04-21T21:49:27.313Z,40.1021,-121.0788,5.7,1.7,ml,5,283.14,0.599,0.194,nn,nn00858521,2023-04-21T22:38:36.741Z,"7 km S of Canyondam, California",earthquake,,5.2,0.16,5,reviewed,nn,nn
2023-04-21T21:50:48.670Z,40.7015,-122.3481667,19.52,1.52,md,12,112,0.1372,0.17,nc,nc73876395,2023-04-22T23:07:12.936Z,"3km NE of Shasta Lake, CA",earthquake,0.51,1.28,0.231,12,reviewed,nc,nc
2023-04-22T01:04:30.304Z,38.1783,-117.7757,11.8,2,ml,7,91.03,0.115,0.1508,nn,nn00858533,2023-04-24T19:31:26.618Z,"Nevada",earthquake,,1.9,0.38,4,reviewed,nn,nn
2023-04-22T06:25:20.510Z,40.8813333,-121.8921667,15.76,1.8,md,25,57,0.1411,0.07,nc,nc73876505,2023-04-22T11:43:10.957Z,"5km NNE of Montgomery Creek, CA",earthquake,0.22,0.62,0.229,27,reviewed,nc,nc
2023-04-22T06:27:12.913Z,40.138,-121.0087,9.3,1.5,ml,6,269.18,0.567,0.1219,nn,nn00858551,2023-04-22T20:23:33.629Z,"4 km W of Greenville, California",earthquake,,2.3,0.18,6,reviewed,nn,nn
2023-04-22T09:17:41.070Z,39.3905,-120.4233333,8.19,2.03,md,21,49,0.1029,0.15,nc,nc73876535,2023-04-24T19:56:26.753Z,"22km WNW of Truckee, CA",earthquake,0.33,1.07,0.398,19,reviewed,nc,nc
2023-04-22T12:22:08.390Z,38.5375,-119.5553333,0.64,2.22,md,13,100,0.05578,0.05,nc,nc73876555,2023-04-24T20:18:10.602Z,"7km WNW of Walker, CA",earthquake,0.35,1.57,0.208,25,reviewed,nc,nc
2023-04-23T06:56:37.807Z,38.1553,-117.9969,12.2,1.8,ml,7,80.36,0.045,0.1621,nn,nn00858561,2023-04-24T17:46:14.461Z,"27 km SSE of Mina, Nevada",earthquake,,1.5,0.19,5,reviewed,nn,nn
2023-04-23T08:16:47.180Z,37.5698333,-118.9291667,7.79,1.81,md,20,172,0.04362,0.06,nc,nc73876840,2023-04-25T08:38:14.249Z,"9km SSE of Mammoth Lakes, CA",earthquake,0.33,0.66,0.069,19,reviewed,nc,nc
2023-04-23T15:59:19.195Z,41.7457,-119.9492,0,1.6,ml,4,119.67,0.307,0.0703,nn,nn00858684,2023-04-25T20:43:43.054Z,"21 km SE of Fort Bidwell, California",earthquake,,0,0.33,3,reviewed,nn,nn
2023-04-23T18:36:11.358Z,41.6437,-120.0999,10.1,1.6,ml,4,204.51,0.3,0.1639,nn,nn00858679,2023-04-25T19:41:46.769Z,"9 km E of Lake City, California",earthquake,,4.4,0.71,3,reviewed,nn,nn
2023-04-23T21:15:50.008Z,39.807,-120.7253,14.4,2,ml,14,190.58,0.225,0.1449,nn,nn00858572,2023-04-24T17:58:42.530Z,"5 km NNW of Plumas Eureka (historical), California",earthquake,,2,0.96,6,reviewed,nn,nn
2023-04-23T21:50:09.269Z,39.8107,-120.7091,16.2,1.6,ml,9,244.97,0.274,0.1616,nn,nn00858690,2023-04-25T21:17:59.851Z,"5 km WNW of Plumas Eureka, California",earthquake,,3.2,1.14,6,reviewed,nn,nn
2023-04-24T00:22:40.690Z,37.458,-117.8625,7.18,2.26,md,25,128,0.4047,0.07,nc,nc73877155,2023-04-25T15:34:14.911Z,"14km NE of Deep Springs, CA",earthquake,0.5,0.95,0.308,25,reviewed,nc,nc
2023-04-24T00:33:34.989Z,37.4659,-117.8402,0,1.7,ml,13,135.66,0.28,0.1706,nn,nn00858577,2023-04-25T02:05:01.434Z,"30 km SE of Dyer, Nevada",earthquake,,2.5,0.89,10,reviewed,nn,nn
2023-04-24T01:56:31.659Z,38.1877,-117.8113,9.7,1.7,ml,5,134.19,0.137,0.1173,nn,nn00858594,2023-04-25T02:05:05.616Z,"34 km SE of Mina, Nevada",earthquake,,3.7,0.23,4,reviewed,nn,nn
2023-04-24T07:24:28.520Z,39.8101667,-120.7451667,3.13,2.38,md,31,53,0.2414,0.18,nc,nc73877235,2023-04-25T15:04:14.722Z,"6km NW of Johnsville, CA",earthquake,0.33,2.41,0.169,41,reviewed,nc,nc
2023-04-24T10:27:01.142Z,41.6686,-120.1596,6.3,1.8,ml,5,112.3,0.257,0.1615,nn,nn00858618,2023-04-25T02:05:33.080Z,"5 km ENE of Lake City, California",earthquake,,5.4,0.8,5,reviewed,nn,nn
2023-04-24T23:27:10.580Z,37.9921667,-118.7,2.39,1.54,md,16,129,0.2624,0.07,nc,nc73877440,2023-04-25T04:33:11.782Z,"37km SE of Bodie, CA",earthquake,0.51,3.97,0.368,14,reviewed,nc,nc
2023-04-25T04:33:20.211Z,39.3874,-119.878,7.7,1.8,ml,3,141.25,0.093,0.0472,nn,nn00858666,2023-04-25T16:51:51.023Z,"12 km E of Floriston, California",earthquake,,8.5,0,1,reviewed,nn,nn
2023-04-26T09:31:51.988Z,38.1763,-117.7971,10.4,1.5,ml,6,105.17,0.122,0.128,nn,nn00858712,2023-04-26T15:42:58.820Z,"36 km SE of Mina, Nevada",earthquake,,2.9,0.22,4,reviewed,nn,nn
2023-04-27T07:58:36.911Z,39.4998,-119.1417,14.4,2,ml,33,103.19,0.435,0.174,nn,nn00858754,2023-04-27T16:03:38.803Z,"11 km NE of Silver Springs, Nevada",earthquake,,1.4,0.23,10,reviewed,nn,nn
2023-04-27T11:17:28.100Z,40.3615,-121.6096667,5.72,1.95,md,11,123,0.1051,0.08,nc,nc73880871,2023-04-27T21:59:14.829Z,"4km W of Mineral, CA",earthquake,0.53,0.87,0.203,19,reviewed,nc,nc
2023-04-27T11:45:04.120Z,40.4591667,-121.4716667,-1.27,1.76,md,11,114,0.1151,0.03,nc,nc73880896,2023-04-28T00:05:15.593Z,"14km NE of Mineral, CA",earthquake,0.39,2.28,0.15,17,reviewed,nc,nc
2023-04-28T00:54:05.149Z,38.1554,-117.9699,9.9,2.2,ml,9,68.82,0.045,0.1178,nn,nn00858793,2023-04-29T02:03:59.611Z,"28 km SSE of Mina, Nevada",earthquake,,1.8,0.27,7,reviewed,nn,nn
2023-04-28T05:44:18.480Z,40.9565,-122.182,14.56,1.61,md,18,101,0.1401,0.05,nc,nc73881281,2023-04-28T08:44:14.667Z,"24km WSW of Big Bend, CA",earthquake,0.35,0.76,0.26,20,reviewed,nc,nc
2023-04-28T15:01:12.570Z,38.7224,-118.8094,0,1.7,ml,20,80.02,0.239,0.1863,nn,nn00858839,2023-04-29T02:04:19.770Z,"9 km NNW of Walker Lake, Nevada",earthquake,,2.5,0.26,8,reviewed,nn,nn
2023-04-28T15:07:54.820Z,38.7202,-118.8095,8.5,1.5,ml,10,86.03,0.526,0.1272,nn,nn00858868,2023-04-29T02:04:29.062Z,"9 km NNW of Walker Lake, Nevada",earthquake,,2.6,0.3,6,reviewed,nn,nn
2023-04-28T15:11:16.048Z,38.7156,-118.8126,11.5,1.6,ml,11,109.01,0.235,0.1498,nn,nn00858870,2023-04-29T02:04:31.066Z,"8 km NW of Walker Lake, Nevada",earthquake,,1.8,0.2,4,reviewed,nn,nn
2023-04-28T15:22:18.060Z,38.713,-118.8104,8.4,1.6,ml,18,81.21,0.236,0.1414,nn,nn00858841,2023-04-29T02:04:21.354Z,"8 km NW of Walker Lake, Nevada",earthquake,,2.2,0.31,6,reviewed,nn,nn
2023-04-29T12:16:10.163Z,40.1028,-120.9623,11.5,1.5,ml,5,307.14,0.519,0.0732,nn,nn00858894,2023-04-29T15:51:28.736Z,"4 km SSW of Greenville, California",earthquake,,2.1,0.11,2,reviewed,nn,nn
2023-04-29T12:57:37.900Z,40.7396667,-122.4736667,18.68,1.99,md,25,55,0.08986,0.13,nc,nc73881796,2023-04-30T09:26:11.188Z,"11km NW of Shasta Lake, CA",earthquake,0.33,0.47,0.185,29,reviewed,nc,nc
2023-04-29T13:15:36.800Z,39.5971667,-120.4143333,7.3,2.21,md,16,79,0.1519,0.08,nc,nc73881801,2023-04-30T09:41:12.276Z,"17km WSW of Loyalton, CA",earthquake,0.33,1.11,0.184,24,reviewed,nc,nc
2023-04-29T14:39:16.900Z,38.0756667,-118.794,9.94,2.02,md,27,83,0.2047,0.06,nc,nc73881831,2023-04-30T10:23:12.513Z,"24km SE of Bodie, CA",earthquake,0.21,1.56,0.29,30,reviewed,nc,nc
2023-04-30T01:29:08.662Z,39.3679,-117.7897,4.5,2.2,ml,7,165.73,0.262,0.1816,nn,nn00859133,2023-05-05T23:49:46.635Z,"56 km NNE of Gabbs, Nevada",earthquake,,1.6,0.14,5,reviewed,nn,nn
2023-04-30T15:02:15.378Z,38.5341,-119.5511,5.8,1.5,ml,14,78.17,0.057,0.1393,nn,nn00858914,2023-05-01T16:50:59.933Z,"5 km SW of Coleville, California",earthquake,,1.5,0.1,3,reviewed,nn,nn
2023-04-30T18:40:43.010Z,40.1623333,-121.059,2.67,2.34,md,28,61,0.1079,0.1,nc,nc73882351,2023-05-12T22:28:14.557Z,"2km ESE of Canyondam, CA",earthquake,0.28,0.82,0.108,42,reviewed,nc,nc
2023-05-02T05:35:16.079Z,38.4164,-118.9082,11.1,1.8,ml,11,134.82,0.357,0.1964,nn,nn00858971,2023-05-02T20:09:33.454Z,"27 km WSW of Hawthorne, Nevada",earthquake,,1.1,0.18,3,reviewed,nn,nn
2023-05-02T06:06:42.550Z,40.3078333,-121.8875,6.03,2.41,md,23,76,0.06664,0.2,nc,nc73882941,2023-05-03T00:26:14.309Z,"12km S of Manton, CA",earthquake,0.35,1.04,0.156,35,reviewed,nc,nc
2023-05-02T06:14:30.239Z,38.0782,-118.8714,6.6,1.5,ml,5,142.27,0.336,0.1462,nn,nn00858973,2023-05-02T20:12:40.254Z,"24 km E of Mono City, California",earthquake,,5.9,0.06,3,reviewed,nn,nn
2023-05-02T20:15:39.621Z,39.1914,-116.1556,0,3.3,ml,7,61.7,0.874,0.1946,nn,nn00858976,2023-07-15T22:10:56.040Z,"39 km SSW of Eureka, Nevada",earthquake,,0,0.24,3,reviewed,nn,nn
2023-05-03T23:03:14.850Z,43.654333333333,-119.00383333333,-1.71,1.65,ml,10,174,0.1233,0.28,uw,uw61912382,2023-05-04T00:10:36.220Z,"8 km NNE of Burns, Oregon",explosion,0.76,31.61,0.045792629598638,7,reviewed,uw,uw
2023-05-04T07:57:49.210Z,37.465,-117.8665,6.98,2.06,md,23,128,0.3824,0.07,nc,nc73883721,2023-05-05T02:04:18.037Z,"15km NE of Deep Springs, CA",earthquake,0.31,2.05,0.339,23,reviewed,nc,nc
2023-05-04T08:40:04.350Z,39.6146667,-122.0338333,21.6,2.27,md,25,82,0.2975,0.08,nc,nc73883731,2023-05-04T21:46:13.501Z,"14km S of Hamilton City, CA",earthquake,0.26,0.48,0.269,30,reviewed,nc,nc
2023-05-04T18:20:12.436Z,38.1504,-117.8338,9.4,1.7,ml,7,132.14,0.123,0.1594,nn,nn00859057,2023-05-05T02:04:12.711Z,"35 km SE of Mina, Nevada",earthquake,,1.2,0.19,6,reviewed,nn,nn
2023-05-05T17:42:24.760Z,41.0691667,-122.179,10.81,2.49,md,33,32,0.05954,0.11,nc,nc73884261,2023-07-15T22:09:58.040Z,"17km SSE of Dunsmuir, CA",earthquake,0.21,0.48,0.133,36,reviewed,nc,nc
2023-05-05T21:11:27.212Z,38.1839,-117.859,11.4,2.8,ml,9,69.47,0.1,0.1794,nn,nn00859119,2023-07-15T22:10:01.040Z,"32 km SE of Mina, Nevada",earthquake,,1.5,0.19,6,reviewed,nn,nn
2023-05-06T12:22:53.796Z,39.8164,-120.7177,14.8,1.5,ml,10,177.83,0.221,0.1669,nn,nn00859145,2023-05-08T16:53:48.222Z,"5 km SSW of Cromberg, California",earthquake,,3.1,0.29,4,reviewed,nn,nn
2023-05-06T17:16:42.422Z,38.1815,-117.7469,10.5,1.5,ml,5,100.27,0.109,0.084,nn,nn00859147,2023-05-08T17:15:31.405Z,"39 km SE of Mina, Nevada",earthquake,,2.5,0.12,3,reviewed,nn,nn
2023-05-07T15:20:31.375Z,38.1853,-117.7784,7.9,2.3,ml,12,91.71,0.122,0.1779,nn,nn00859154,2023-05-08T16:00:59.084Z,"36 km SE of Mina, Nevada",earthquake,,1.2,0.38,7,reviewed,nn,nn
2023-05-07T17:29:51.594Z,38.1837,-117.7706,12.3,1.6,ml,7,92.21,0.118,0.1146,nn,nn00859157,2023-05-08T16:16:25.794Z,"37 km SE of Mina, Nevada",earthquake,,1,0.37,5,reviewed,nn,nn
2023-05-07T21:16:21.025Z,38.5787,-115.5161,1.3,1.5,ml,3,217.1,0.975,0.0612,nn,nn00859257,2023-05-09T23:02:16.989Z,"53 km SW of Lund, Nevada",earthquake,,19.7,0.07,2,reviewed,nn,nn
2023-05-08T01:19:21.822Z,40.1856,-119.7998,6.3,1.6,ml,5,233.16,0.054,0.1818,nn,nn00859184,2023-05-08T21:43:49.441Z,"28 km E of Herlong, California",earthquake,,2,0.46,5,reviewed,nn,nn
2023-05-09T04:30:00.465Z,41.8867,-120.1262,0,1.9,ml,4,213.75,0.133,0.1612,nn,nn00859228,2023-05-09T17:22:19.100Z,"Northern California",earthquake,,0,0.58,4,reviewed,nn,nn
2023-05-09T17:39:53.832Z,40.8059,-117.1681,3.4,2.4,ml,8,110.69,0.631,0.1982,nn,nn00859250,2023-07-22T19:16:05.040Z,"Nevada",earthquake,,5.2,0.19,6,reviewed,nn,nn
2023-05-10T00:01:32.978Z,39.5818,-120.7042,9.6,1.6,ml,17,135.12,0.258,0.1868,nn,nn00859265,2023-05-10T00:41:06.784Z,"Northern California",earthquake,,3.8,0.16,7,reviewed,nn,nn
2023-05-10T05:14:02.560Z,39.296,-120.1596667,5.77,2.33,md,17,66,0.09197,0.05,nc,nc73885951,2023-05-12T03:31:42.849Z,"4km SSE of Truckee, CA",earthquake,0.17,0.62,0.255,26,reviewed,nc,nc
2023-05-10T21:12:51.998Z,38.2006,-117.8028,5.5,1.7,ml,7,89.96,0.143,0.1212,nn,nn00859318,2023-05-10T22:44:31.884Z,"34 km SE of Mina, Nevada",earthquake,,2.4,0.19,4,reviewed,nn,nn
2023-05-11T02:35:33.554Z,38.1849,-117.8759,7.2,1.9,ml,12,86.07,0.087,0.1907,nn,nn00859330,2023-05-12T02:04:02.847Z,"30 km SE of Mina, Nevada",earthquake,,1.4,0.2,9,reviewed,nn,nn
2023-05-11T09:20:59.730Z,37.6505,-119.4013333,3.5,1.59,md,33,65,0.2562,0.08,nc,nc73886466,2023-05-12T02:04:13.588Z,"18km ESE of Yosemite Valley, CA",earthquake,0.36,9.52,0.367,27,reviewed,nc,nc
2023-05-11T22:00:37.900Z,39.3578333,-120.0253333,-1.72,1.69,md,13,66,0.06551,0.17,nc,nc73886696,2023-05-12T03:18:54.578Z,"13km N of Tahoe Vista, CA",earthquake,0.43,2.1,0.335,12,reviewed,nc,nc
2023-05-11T23:19:41.990Z,40.2041667,-121.1095,5.85,5.48,mw,54,46,0.05144,0.16,nc,nc73886731,2025-04-26T15:42:17.941Z,"Lake Almanor Earthquake",earthquake,0.26,0.56,,4,reviewed,nc,nc
2023-05-11T23:23:48.220Z,40.2301667,-121.1663333,5.78,2.83,ml,37,44,0.02374,0.17,nc,nc71130369,2023-07-22T19:16:58.040Z,"2km NNE of Almanor, CA",earthquake,0.28,0.45,0.067,8,reviewed,nc,nc
2023-05-11T23:26:03.000Z,40.2203333,-121.113,6.28,2.38,md,32,43,0.03691,0.18,nc,nc71130374,2023-07-22T19:16:59.040Z,"4km SW of East Shore, CA",earthquake,0.27,0.39,0.124,35,reviewed,nc,nc
2023-05-11T23:29:43.400Z,40.203,-121.1128333,5.84,2.59,md,38,46,0.05114,0.18,nc,nc73886736,2023-07-22T19:16:55.040Z,"4km E of Prattville, CA",earthquake,0.31,0.5,0.148,37,reviewed,nc,nc
2023-05-11T23:30:17.670Z,40.2125,-121.0865,6.64,2.57,md,10,107,0.05718,0.06,nc,nc71130364,2023-07-22T19:16:09.040Z,"3km SSW of East Shore, CA",earthquake,0.33,0.43,0.163,12,reviewed,nc,nc
2023-05-11T23:34:53.630Z,40.2056667,-121.1175,3.36,2.43,md,17,79,0.04711,0.08,nc,nc73886746,2023-05-12T04:18:19.909Z,"3km E of Prattville, CA",earthquake,0.29,0.45,0.156,23,reviewed,nc,nc
2023-05-11T23:38:30.250Z,40.2036667,-121.106,6.24,2.61,md,35,50,0.05333,0.16,nc,nc73886751,2023-07-22T19:16:06.040Z,"4km E of Prattville, CA",earthquake,0.25,0.53,0.203,46,reviewed,nc,nc
2023-05-11T23:45:15.410Z,40.2216667,-121.1615,5.4,2.51,md,29,67,0.02878,0.1,nc,nc73886756,2023-07-22T19:16:08.040Z,"1km ENE of Almanor, CA",earthquake,0.25,0.49,0.103,34,reviewed,nc,nc
2023-05-11T23:49:15.020Z,37.99,-118.6638333,6.04,2.2,md,30,66,0.2726,0.07,nc,nc73886761,2023-05-12T11:50:11.640Z,"37km SSW of Qualeys Camp, NV",earthquake,0.23,2.51,0.38,31,reviewed,nc,nc
2023-05-12T00:06:55.900Z,40.214,-121.1551667,5.46,2.99,ml,35,44,0.03448,0.13,nc,nc73886766,2023-07-22T19:16:55.040Z,"1km N of Prattville, CA",earthquake,0.24,0.44,0.147,30,reviewed,nc,nc
2023-05-12T00:10:17.900Z,40.2026667,-121.1143333,4.12,2.1,md,16,83,0.05088,0.08,nc,nc73886771,2023-05-23T23:22:00.348Z,"4km E of Prattville, CA",earthquake,0.35,0.83,0.132,20,reviewed,nc,nc
2023-05-12T00:30:12.800Z,40.2175,-121.1218333,7.87,2.14,md,16,155,0.03515,0.08,nc,nc73886786,2023-05-16T14:04:11.771Z,"3km ENE of Prattville, CA",earthquake,0.33,0.35,0.151,35,reviewed,nc,nc
2023-05-12T00:32:21.900Z,40.2055,-121.1048333,6.9,2.4,md,27,49,0.05236,0.14,nc,nc73886791,2023-05-16T22:07:58.169Z,"4km E of Prattville, CA",earthquake,0.28,0.59,0.127,26,reviewed,nc,nc
2023-05-12T00:38:46.720Z,40.2198333,-121.1493333,5.2,2.79,md,29,48,0.028,0.12,nc,nc73886796,2023-07-22T19:16:55.040Z,"2km NNE of Prattville, CA",earthquake,0.25,0.44,0.107,30,reviewed,nc,nc
2023-05-12T00:40:54.580Z,40.2005,-121.1076667,2.96,1.99,md,18,75,0.05529,0.19,nc,nc73886801,2023-05-23T23:37:28.794Z,"4km ESE of Prattville, CA",earthquake,0.42,2.06,0.156,18,reviewed,nc,nc
2023-05-12T00:53:13.360Z,40.231,-121.1536667,5.91,2.43,md,16,79,0.01784,0.15,nc,nc73886806,2023-07-22T19:16:11.040Z,"2km NE of Almanor, CA",earthquake,0.37,0.59,0.17,24,reviewed,nc,nc
2023-05-12T00:55:18.110Z,40.2288333,-121.1651667,6.45,2.32,md,25,76,0.02417,0.07,nc,nc73886811,2023-05-13T19:00:14.011Z,"2km NE of Almanor, CA",earthquake,0.27,0.21,0.145,37,reviewed,nc,nc
2023-05-12T01:19:29.840Z,40.2425,-121.1446667,7.75,1.86,md,19,55,0.005224,0.24,nc,nc73886816,2023-05-12T09:24:16.733Z,"4km NNE of Prattville, CA",earthquake,0.66,0.51,0.211,15,reviewed,nc,nc
2023-05-12T01:58:57.110Z,40.1985,-121.1025,4.74,2.36,md,39,46,0.05911,0.18,nc,nc73886826,2023-05-13T19:15:13.110Z,"4km NW of Canyondam, CA",earthquake,0.31,0.49,0.147,52,reviewed,nc,nc
2023-05-12T02:05:36.210Z,40.2213333,-121.156,5.95,2.33,md,34,44,0.02756,0.21,nc,nc73886831,2023-05-13T19:58:10.362Z,"2km N of Prattville, CA",earthquake,0.35,0.37,0.128,39,reviewed,nc,nc
2023-05-12T02:18:59.870Z,40.2108333,-121.1381667,5.6,2.43,md,37,45,0.03724,0.13,nc,nc73886841,2023-05-13T20:13:10.449Z,"2km ENE of Prattville, CA",earthquake,0.25,0.32,0.112,51,reviewed,nc,nc
2023-05-12T02:40:37.760Z,40.2295,-121.1576667,6.42,2.74,md,40,44,0.02046,0.15,nc,nc73886846,2023-07-22T19:16:06.040Z,"2km NE of Almanor, CA",earthquake,0.28,0.4,0.177,76,reviewed,nc,nc
2023-05-12T02:54:45.390Z,40.196,-121.1003333,4.79,3.79,mw,50,46,0.06211,0.18,nc,nc73886856,2023-07-22T19:16:56.040Z,"4km NW of Canyondam, CA",earthquake,0.28,0.63,,4,reviewed,nc,nc
2023-05-12T03:42:49.130Z,40.2006667,-121.111,5.59,2.39,md,34,46,0.05386,0.17,nc,nc73886881,2023-05-14T08:07:15.005Z,"4km ESE of Prattville, CA",earthquake,0.27,0.41,0.138,49,reviewed,nc,nc
2023-05-12T04:12:25.300Z,40.2255,-121.152,7.05,2.19,md,23,68,0.02274,0.09,nc,nc73886901,2023-05-14T08:22:14.101Z,"2km NNE of Prattville, CA",earthquake,0.33,0.28,0.152,30,reviewed,nc,nc
2023-05-12T05:17:17.190Z,40.1978333,-121.0985,6.5,2.84,md,50,38,0.0614,0.18,nc,nc73886936,2023-07-22T19:16:57.040Z,"4km NNW of Canyondam, CA",earthquake,0.25,0.56,0.135,89,reviewed,nc,nc
2023-05-12T05:21:19.240Z,40.2043333,-121.0948333,5.97,2.23,md,26,42,0.0581,0.1,nc,nc73886941,2023-05-15T04:44:10.614Z,"4km NNW of Canyondam, CA",earthquake,0.23,0.41,0.213,40,reviewed,nc,nc
2023-05-12T05:37:47.110Z,40.2048333,-121.1001667,6.7,2.25,md,29,37,0.05507,0.12,nc,nc73886956,2023-05-15T04:59:12.709Z,"4km NNW of Canyondam, CA",earthquake,0.22,0.36,0.168,40,reviewed,nc,nc
2023-05-12T05:41:06.810Z,40.199,-121.1116667,5.85,2.39,md,36,46,0.05508,0.18,nc,nc73886961,2023-05-15T05:15:10.802Z,"4km ESE of Prattville, CA",earthquake,0.3,0.49,0.17,47,reviewed,nc,nc
2023-05-12T05:45:40.420Z,40.1971667,-121.1003333,4.46,2.95,md,58,38,0.06114,0.19,nc,nc73886966,2023-07-22T19:16:58.040Z,"4km NW of Canyondam, CA",earthquake,0.21,0.52,0.18,83,reviewed,nc,nc
2023-05-12T08:20:49.580Z,40.2353333,-121.1613333,5.91,2.55,md,27,65,0.01736,0.14,nc,nc73887011,2023-07-22T19:16:09.040Z,"2km NNE of Almanor, CA",earthquake,0.3,0.52,0.14,27,reviewed,nc,nc
2023-05-12T08:38:38.010Z,40.2366667,-121.1688333,5.88,2.36,md,20,75,0.02105,0.08,nc,nc73887016,2023-05-12T19:09:11.362Z,"2km NNE of Almanor, CA",earthquake,0.24,0.35,0.14,21,reviewed,nc,nc
2023-05-12T10:18:41.310Z,40.196,-121.0998333,6.06,5.16,mw,49,37,0.06232,0.19,nc,nc73887046,2023-07-22T19:17:00.040Z,"4km NW of Canyondam, CA",earthquake,0.29,0.66,,4,reviewed,nc,nc
2023-05-12T10:24:22.350Z,40.1896667,-121.1086667,3.37,2.45,md,31,55,0.06443,0.13,nc,nc71130404,2023-07-22T19:17:24.040Z,"4km NW of Canyondam, CA",earthquake,0.26,0.56,0.129,31,reviewed,nc,nc
2023-05-12T10:26:06.110Z,40.1965,-121.1236667,7.73,2.01,md,10,76,0.05378,0.03,nc,nc71130399,2023-05-15T20:01:11.185Z,"3km ESE of Prattville, CA",earthquake,0.67,0.34,0.144,18,reviewed,nc,nc
2023-05-12T10:28:20.990Z,40.1978333,-121.0903333,5.09,2.36,md,35,48,0.06526,0.18,nc,nc71130394,2023-05-15T19:31:09.998Z,"3km NNW of Canyondam, CA",earthquake,0.26,0.54,0.143,43,reviewed,nc,nc
2023-05-12T10:32:29.950Z,40.2048333,-121.0796667,7.47,2.19,md,23,49,0.06608,0.19,nc,nc73887051,2023-05-15T18:10:14.350Z,"4km N of Canyondam, CA",earthquake,0.42,0.88,0.127,21,reviewed,nc,nc
2023-05-12T10:38:46.980Z,40.216,-121.1168333,6.31,2.2,md,21,49,0.03848,0.14,nc,nc73887061,2023-05-15T18:10:44.553Z,"4km ENE of Prattville, CA",earthquake,0.38,0.56,0.199,21,reviewed,nc,nc
2023-05-12T10:41:48.170Z,40.2261667,-121.1356667,7.09,2.2,md,16,82,0.02276,0.15,nc,nc73887066,2023-05-12T19:24:10.448Z,"3km NE of Prattville, CA",earthquake,0.42,0.64,0.116,18,reviewed,nc,nc
2023-05-12T10:51:55.550Z,40.2063333,-121.0865,5.14,2.36,md,30,38,0.06116,0.15,nc,nc73887071,2023-05-22T23:30:07.176Z,"4km S of East Shore, CA",earthquake,0.29,0.56,0.191,50,reviewed,nc,nc
2023-05-12T10:54:36.330Z,40.2481667,-121.1685,4.57,1.94,md,14,135,0.01769,0.11,nc,nc73887076,2023-05-12T17:43:13.907Z,"4km NNE of Almanor, CA",earthquake,0.47,0.62,0.162,16,reviewed,nc,nc
2023-05-12T11:18:04.420Z,40.2278333,-121.1491667,5.69,2.18,md,22,72,0.02005,0.11,nc,nc73887081,2023-05-15T23:56:10.564Z,"2km NNE of Prattville, CA",earthquake,0.32,0.28,0.208,34,reviewed,nc,nc
2023-05-12T11:23:04.600Z,40.1946667,-121.129,5.39,2.66,md,27,64,0.05444,0.1,nc,nc73887086,2023-07-22T19:16:07.040Z,"3km ESE of Prattville, CA",earthquake,0.25,0.7,0.175,43,reviewed,nc,nc
2023-05-12T11:54:56.760Z,40.1383333,-121.1573333,4.28,2.33,md,29,60,0.1096,0.09,nc,nc73887091,2023-05-15T05:30:10.883Z,"6km N of Caribou, CA",earthquake,0.22,0.82,0.183,44,reviewed,nc,nc
2023-05-12T12:32:17.850Z,40.1903333,-121.1208333,2.59,2.79,md,40,37,0.06031,0.18,nc,nc73887096,2023-07-22T19:17:01.040Z,"4km ESE of Prattville, CA",earthquake,0.31,0.83,0.148,94,reviewed,nc,nc
2023-05-12T12:42:51.930Z,40.1941667,-121.0931667,4.59,3.09,ml,43,38,0.06677,0.17,nc,nc73887101,2023-07-22T19:17:01.040Z,"3km NNW of Canyondam, CA",earthquake,0.27,0.66,0.217,36,reviewed,nc,nc
2023-05-12T13:12:56.050Z,40.191,-121.1136667,4.24,2.38,md,29,37,0.06163,0.09,nc,nc73887116,2023-05-15T13:08:09.682Z,"4km NW of Canyondam, CA",earthquake,0.22,0.46,0.163,48,reviewed,nc,nc
2023-05-12T13:29:55.740Z,40.2133333,-121.1558333,5.76,2.9,md,38,34,0.03524,0.16,nc,nc73887126,2023-07-22T19:17:04.040Z,"1km N of Prattville, CA",earthquake,0.31,0.63,0.179,83,reviewed,nc,nc
2023-05-12T13:31:06.780Z,40.2446667,-121.1675,5.41,2,md,11,121,0.01718,0.09,nc,nc73887131,2023-05-15T09:38:45.307Z,"3km NNE of Almanor, CA",earthquake,0.49,0.38,0.127,17,reviewed,nc,nc
2023-05-12T13:44:35.140Z,40.1971667,-121.1301667,5.55,2.26,md,24,76,0.05181,0.09,nc,nc73887141,2023-05-15T13:38:10.878Z,"2km ESE of Prattville, CA",earthquake,0.29,0.42,0.159,41,reviewed,nc,nc
2023-05-12T13:50:47.000Z,40.1978333,-121.1053333,8.01,2.87,md,34,43,0.0585,0.14,nc,nc73887146,2023-07-22T19:17:08.040Z,"4km NW of Canyondam, CA",earthquake,0.27,0.47,0.154,80,reviewed,nc,nc
2023-05-12T14:16:33.610Z,40.2288333,-121.1518333,5.86,2.3,md,31,44,0.01948,0.16,nc,nc73887151,2023-05-15T14:09:12.074Z,"2km N of Prattville, CA",earthquake,0.33,0.41,0.157,39,reviewed,nc,nc
2023-05-12T14:35:09.200Z,40.1946667,-121.1141667,8.82,2.27,md,19,81,0.05812,0.07,nc,nc73887156,2023-05-15T14:24:10.180Z,"4km ESE of Prattville, CA",earthquake,0.27,0.35,0.173,40,reviewed,nc,nc
2023-05-12T15:24:15.770Z,40.188,-121.1208333,3.47,2.88,ml,35,45,0.06253,0.07,nc,nc73887171,2023-07-22T19:17:09.040Z,"4km SE of Prattville, CA",earthquake,0.17,0.49,0.153,34,reviewed,nc,nc
2023-05-12T16:35:20.740Z,40.2245,-121.1395,5.65,2.4,md,36,35,0.02361,0.13,nc,nc73887201,2023-05-15T14:54:10.353Z,"2km NE of Prattville, CA",earthquake,0.22,0.32,0.117,45,reviewed,nc,nc
2023-05-12T16:51:25.510Z,40.1995,-121.1303333,5.46,2.16,md,28,54,0.04951,0.12,nc,nc73887221,2023-05-16T00:40:10.826Z,"2km ESE of Prattville, CA",earthquake,0.26,0.34,0.213,37,reviewed,nc,nc
2023-05-12T17:09:03.340Z,40.2493333,-121.1696667,4.99,2.18,md,17,61,0.01864,0.09,nc,nc73887231,2023-05-15T11:45:17.215Z,"4km N of Almanor, CA",earthquake,0.35,0.35,0.172,27,reviewed,nc,nc
2023-05-12T21:51:33.619Z,38.1632,-117.907,9,2.4,ml,8,78.9,0.071,0.1335,nn,nn00859453,2023-05-12T22:33:30.089Z,"30 km SE of Mina, Nevada",earthquake,,1.2,0.5,6,reviewed,nn,nn
2023-05-12T22:29:14.464Z,38.4022,-118.9145,11.5,2.8,ml,14,64.37,0.22,0.1563,nn,nn00859459,2023-07-22T19:17:12.040Z,"28 km WSW of Hawthorne, Nevada",earthquake,,1.9,0.19,7,reviewed,nn,nn
2023-05-12T22:29:21.310Z,40.203,-121.1011667,8.34,2.32,md,30,51,0.05604,0.12,nc,nc73887396,2023-05-15T15:10:10.429Z,"4km NNW of Canyondam, CA",earthquake,0.23,0.36,0.142,39,reviewed,nc,nc
2023-05-13T00:59:53.980Z,40.1791667,-121.122,0.26,2.21,md,22,56,0.07076,0.08,nc,nc73887401,2023-05-15T15:25:10.505Z,"4km WNW of Canyondam, CA",earthquake,0.29,0.63,0.156,32,reviewed,nc,nc
2023-05-13T01:58:26.480Z,40.2256667,-121.1648333,6.7,2.3,md,31,69,0.02656,0.08,nc,nc73887421,2023-05-15T15:39:10.571Z,"1km NE of Almanor, CA",earthquake,0.2,0.25,0.169,41,reviewed,nc,nc
2023-05-13T02:35:47.380Z,40.1951667,-121.1075,8.95,2.19,md,20,72,0.05996,0.06,nc,nc73887451,2023-05-15T15:55:09.772Z,"4km NW of Canyondam, CA",earthquake,0.25,0.34,0.176,36,reviewed,nc,nc
2023-05-13T03:20:05.020Z,40.2036667,-121.0863333,7.09,2.25,md,28,47,0.06309,0.15,nc,nc73887461,2023-05-15T10:42:10.847Z,"4km NNW of Canyondam, CA",earthquake,0.29,0.49,0.166,39,reviewed,nc,nc
2023-05-13T04:30:41.930Z,40.2145,-121.164,6.58,2.18,md,28,72,0.03609,0.17,nc,nc73887486,2023-05-15T15:53:17.650Z,"1km NW of Prattville, CA",earthquake,0.37,0.33,0.218,28,reviewed,nc,nc
2023-05-13T05:02:30.410Z,44.278333333333,-116.21433333333,11.07,1.79,ml,6,99,0.2406,0.13,mb,mb90014093,2023-05-15T19:50:16.140Z,"10 km WSW of Smiths Ferry, Idaho",earthquake,0.42,0.8,0.2712340163292,7,reviewed,mb,mb
2023-05-13T05:24:09.870Z,40.2173333,-121.1553333,5.74,2.39,md,32,41,0.03127,0.1,nc,nc73887511,2023-05-15T10:58:16.937Z,"1km N of Prattville, CA",earthquake,0.21,0.34,0.118,44,reviewed,nc,nc
2023-05-13T07:11:53.480Z,40.2193333,-121.1665,4.55,2.33,md,28,44,0.03262,0.15,nc,nc73887526,2023-05-15T16:10:11.735Z,"1km ENE of Almanor, CA",earthquake,0.26,0.44,0.158,38,reviewed,nc,nc
2023-05-13T11:37:12.920Z,40.2096667,-121.1533333,6.47,2.81,md,37,35,0.03847,0.17,nc,nc73887576,2023-07-22T19:17:16.040Z,"0km ENE of Prattville, CA",earthquake,0.3,0.52,0.146,78,reviewed,nc,nc
2023-05-13T12:01:15.550Z,40.2063333,-121.1523333,5.96,2.97,ml,44,35,0.04166,0.17,nc,nc73887581,2023-07-22T19:17:16.040Z,"0km ESE of Prattville, CA",earthquake,0.25,0.48,0.173,39,reviewed,nc,nc
2023-05-13T13:33:04.800Z,40.2105,-121.1568333,5.84,2.77,md,36,34,0.03817,0.17,nc,nc73887621,2023-07-22T19:17:17.040Z,"0km N of Prattville, CA",earthquake,0.31,0.45,0.179,73,reviewed,nc,nc
2023-05-13T14:19:05.490Z,40.2136667,-121.1598333,6.44,2.48,md,29,44,0.03575,0.2,nc,nc73887636,2023-07-22T19:16:11.040Z,"1km NNW of Prattville, CA",earthquake,0.4,0.53,0.157,46,reviewed,nc,nc
2023-05-13T16:21:57.668Z,38.1771,-117.7928,9.4,1.5,ml,7,90.97,0.121,0.1637,nn,nn00859476,2023-05-17T00:14:58.953Z,"36 km SE of Mina, Nevada",earthquake,,1.9,0.25,5,reviewed,nn,nn
2023-05-13T16:24:00.802Z,39.4191,-119.5486,10.4,2.1,ml,35,81.36,0.147,0.1915,nn,nn00859478,2023-05-14T02:04:21.188Z,"14 km NE of Virginia City, Nevada",earthquake,,1.3,0.26,10,reviewed,nn,nn
2023-05-13T20:18:10.820Z,40.2326667,-121.1515,6.54,2.47,md,40,48,0.01573,0.18,nc,nc73887696,2023-07-22T19:16:10.040Z,"3km N of Prattville, CA",earthquake,0.3,0.36,0.088,47,reviewed,nc,nc
2023-05-13T22:24:10.130Z,40.2258333,-121.1585,6.18,2.2,md,24,72,0.02403,0.05,nc,nc73887761,2023-05-15T20:56:11.022Z,"2km ENE of Almanor, CA",earthquake,0.23,0.21,0.118,30,reviewed,nc,nc
2023-05-13T22:30:51.820Z,40.2223333,-121.155,6.46,2.24,md,21,69,0.02638,0.07,nc,nc73887766,2023-05-15T21:13:10.600Z,"2km N of Prattville, CA",earthquake,0.25,0.41,0.142,33,reviewed,nc,nc
2023-05-14T08:16:20.730Z,40.1915,-121.1125,4.47,2.34,md,25,80,0.06153,0.08,nc,nc73887901,2023-05-16T20:13:41.444Z,"4km NW of Canyondam, CA",earthquake,0.21,0.29,0.199,41,reviewed,nc,nc
2023-05-14T08:48:04.210Z,41.0353333,-122.0281667,8.72,1.68,md,28,43,0.1785,0.08,nc,nc73887916,2023-05-16T01:21:10.109Z,"10km W of Big Bend, CA",earthquake,0.19,1.03,0.196,26,reviewed,nc,nc
2023-05-14T13:15:58.790Z,40.2008333,-121.1443333,5.81,2.38,md,34,36,0.04682,0.11,nc,nc73887991,2023-05-16T20:22:57.301Z,"1km SE of Prattville, CA",earthquake,0.22,0.28,0.175,45,reviewed,nc,nc
2023-05-14T18:13:59.760Z,40.1993333,-121.0813333,7.61,2.63,md,39,39,0.06885,0.14,nc,nc73888076,2023-07-24T01:16:56.040Z,"3km N of Canyondam, CA",earthquake,0.23,0.4,0.136,66,reviewed,nc,nc
2023-05-14T18:31:07.660Z,40.1873333,-121.0958333,2.72,2.74,md,41,43,0.07125,0.15,nc,nc73888086,2023-07-24T01:16:56.040Z,"3km NW of Canyondam, CA",earthquake,0.31,0.71,0.154,69,reviewed,nc,nc
2023-05-14T19:30:59.540Z,42.943,-122.11983333333,5.24,1.82,ml,5,173,0.0233,0.07,uw,uw61915432,2025-01-14T22:24:41.780Z,"36 km NE of Prospect, Oregon",earthquake,0.64,0.43,0.36209784929102,4,reviewed,uw,uw
2023-05-14T19:44:46.380Z,42.943333333333,-122.1075,4.7,1.76,ml,5,195,0.03197,0.1,uw,uw61915437,2023-05-15T17:19:17.350Z,"37 km NE of Prospect, Oregon",earthquake,0.78,0.57,0.10515277911237,2,reviewed,uw,uw
2023-05-14T20:45:19.700Z,40.2405,-121.1426667,7.32,2.21,md,29,41,0.00749,0.18,nc,nc73888156,2023-05-15T22:57:11.242Z,"4km NNE of Prattville, CA",earthquake,0.34,0.52,0.138,30,reviewed,nc,nc
2023-05-15T01:14:11.760Z,40.2115,-121.1403333,5.81,2.12,md,26,49,0.03637,0.12,nc,nc71130419,2023-05-16T11:15:10.752Z,"1km ENE of Prattville, CA",earthquake,0.26,0.22,0.156,26,reviewed,nc,nc
2023-05-15T03:20:05.940Z,40.2281667,-121.1668333,6.43,2.56,md,26,68,0.02549,0.09,nc,nc73888231,2023-07-24T01:16:51.040Z,"2km NE of Almanor, CA",earthquake,0.22,0.23,0.175,47,reviewed,nc,nc
2023-05-15T04:59:30.780Z,40.1978333,-121.1111667,4.07,1.81,md,14,74,0.05629,0.05,nc,nc71130424,2023-05-16T11:42:13.907Z,"4km ESE of Prattville, CA",earthquake,0.32,0.59,0.122,13,reviewed,nc,nc
2023-05-15T05:44:58.680Z,40.2455,-121.1965,4.06,2,md,16,127,0.03917,0.04,nc,nc71130434,2023-05-16T13:04:12.413Z,"4km NNW of Almanor, CA",earthquake,0.28,0.31,0.172,22,reviewed,nc,nc
2023-05-15T08:34:11.720Z,40.2366667,-121.161,6.68,2.53,md,35,42,0.01625,0.15,nc,nc73888336,2023-07-24T01:16:48.040Z,"3km NNE of Almanor, CA",earthquake,0.27,0.27,0.138,52,reviewed,nc,nc
2023-05-15T16:50:32.480Z,40.2381667,-121.1683333,5.15,1.84,md,14,89,0.01997,0.16,nc,nc71130429,2023-05-16T12:09:13.087Z,"2km NNE of Almanor, CA",earthquake,0.38,0.4,0.104,11,reviewed,nc,nc
2023-05-15T17:38:58.740Z,40.2321667,-121.1428333,6.76,2.6,md,36,44,0.01564,0.18,nc,nc73888511,2023-07-24T01:16:46.040Z,"3km NNE of Prattville, CA",earthquake,0.29,0.43,0.152,52,reviewed,nc,nc
2023-05-15T19:31:38.360Z,40.2206667,-121.1526667,7.57,1.86,md,16,54,0.02757,0.18,nc,nc71130494,2023-05-20T07:59:11.777Z,"1km NNE of Prattville, CA",earthquake,0.42,0.42,0.207,11,reviewed,nc,nc
2023-05-15T19:59:52.330Z,40.743,-122.305,-0.55,1.52,md,11,86,0.1355,0.06,nc,nc73888546,2023-05-16T05:57:12.246Z,"9km NE of Shasta Lake, CA",quarry blast,0.31,31.61,0.131,9,reviewed,nc,nc
2023-05-16T11:00:27.912Z,37.555,-117.4654,7.4,1.5,ml,12,106.6,0.16,0.1792,nn,nn00859585,2023-05-16T18:10:08.340Z,"26 km SW of Goldfield, Nevada",earthquake,,2.5,0.37,7,reviewed,nn,nn
2023-05-16T11:37:26.630Z,40.2371667,-121.1678333,6.02,3.24,ml,42,33,0.02014,0.2,nc,nc73888746,2023-07-24T01:16:36.040Z,"2km NNE of Almanor, CA",earthquake,0.28,0.64,0.166,44,reviewed,nc,nc
2023-05-16T13:44:01.948Z,39.4204,-119.6875,6.7,1.6,ml,23,83.7,0.06,0.1318,nn,nn00859590,2023-05-16T16:37:16.876Z,"12 km NNW of Virginia City, Nevada",earthquake,,0.8,0.37,6,reviewed,nn,nn
2023-05-16T16:25:53.790Z,40.211,-121.1596667,6.68,2.39,md,34,44,0.03825,0.17,nc,nc73888826,2023-05-16T20:20:22.627Z,"0km NW of Prattville, CA",earthquake,0.27,0.5,0.15,43,reviewed,nc,nc
2023-05-16T17:38:16.020Z,40.2343333,-121.1595,5.7,2.29,md,33,42,0.01717,0.15,nc,nc73888836,2023-05-16T20:52:11.300Z,"2km NE of Almanor, CA",earthquake,0.26,0.34,0.135,36,reviewed,nc,nc
2023-05-16T19:59:49.750Z,40.2243333,-121.123,4.39,2.3,md,20,63,0.02896,0.1,nc,nc73888866,2023-05-17T06:55:15.180Z,"3km ENE of Prattville, CA",earthquake,0.26,0.41,0.146,32,reviewed,nc,nc
